"Si_No","TestCase_No","Status","Screenshot_Path"
"4","TC_04","FAIL","C:\Users\biswa\eclipse-workspace\BiswajitFramework\Screenshot\2023-07-31\14_25_04\TC_04.png"
"9","TC_09","PASS","C:\Users\biswa\eclipse-workspace\BiswajitFramework\Screenshot\2023-07-31\14_25_06\TC_09.png"
"16","TC_16","PASS",
"30","TC_30","PASS","C:\Users\biswa\eclipse-workspace\BiswajitFramework\Screenshot\2023-07-31\14_25_34\TC_30.png"
"38","TC_38","FAIL","C:\Users\biswa\eclipse-workspace\BiswajitFramework\Screenshot\2023-07-31\14_26_07\TC_38.png"
